{"cameraMode":{"drawMode":0,"name":"Shaded","section":"Shading Mode"},"sceneLighting":true,"audioPlay":false,"sceneViewState":{"m_AlwaysRefresh":false,"showFog":true,"showSkybox":true,"showFlares":true,"showImageEffects":true,"showParticleSystems":true,"showVisualEffectGraphs":true,"m_FxEnabled":true},"in2DMode":false,"pivot":{"x":-5.432153701782227,"y":7.974496841430664,"z":-12.931573867797852},"rotation":{"x":-0.3482706844806671,"y":-0.11989735811948776,"z":0.044962938874959949,"w":-0.9286103844642639},"size":0.12406569719314575,"orthographic":false}